{
    "issues": [
        {
            "name": "Issue_0",
            "values": [
                "V0",
                "V1",
                "V2",
                "V3",
                "V4",
                "V5",
                "V6",
                "V7",
                "V8",
                "V9",
                "V10",
                "V11",
                "V12",
                "V13",
                "V14",
                "V15",
                "V16",
                "V17",
                "V18",
                "V19",
                "V20",
                "V21",
                "V22",
                "V23",
                "V24",
                "V25",
                "V26",
                "V27",
                "V28",
                "V29",
                "V30",
                "V31",
                "V32",
                "V33",
                "V34",
                "V35",
                "V36",
                "V37",
                "V38",
                "V39",
                "V40",
                "V41"
            ]
        },
        {
            "name": "Issue_1",
            "values": [
                "V0",
                "V1",
                "V2",
                "V3",
                "V4",
                "V5",
                "V6",
                "V7",
                "V8",
                "V9"
            ]
        },
        {
            "name": "Issue_2",
            "values": [
                "V0",
                "V1",
                "V2",
                "V3"
            ]
        },
        {
            "name": "Issue_3",
            "values": [
                "V0",
                "V1",
                "V2",
                "V3"
            ]
        }
    ],
    "agents": [
        {
            "weights": [
                0.5408661525601265,
                0.10146426236906986,
                0.12073630705929272,
                0.23693327801151087
            ],
            "values": [
                {
                    "mapping": {
                        "V0": 0.40601337212742555,
                        "V1": 0.40021856247305887,
                        "V2": 1.0,
                        "V3": 0.42847690843911573,
                        "V4": 0.5471972679655577,
                        "V5": 0.6199104281706429,
                        "V6": 0.054917406164749175,
                        "V7": 0.39243568879590285,
                        "V8": 0.3456455028223451,
                        "V9": 0.20295541916582846,
                        "V10": 0.3113395235200134,
                        "V11": 0.5417439826738827,
                        "V12": 0.002141273329313155,
                        "V13": 0.3259972828543837,
                        "V14": 0.8354603513782075,
                        "V15": 0.28607682380635924,
                        "V16": 0.20061873487686493,
                        "V17": 0.04163828668257495,
                        "V18": 0.048347913731420784,
                        "V19": 0.11461611838141723,
                        "V20": 0.14263295979683363,
                        "V21": 0.43946913749127947,
                        "V22": 0.13294992847227347,
                        "V23": 0.0352255310013945,
                        "V24": 0.0019387729208936025,
                        "V25": 0.7048701283926374,
                        "V26": 0.0821627563477299,
                        "V27": 0.554962844410424,
                        "V28": 0.3451696172551687,
                        "V29": 0.1786249666654322,
                        "V30": 0.4879159461760132,
                        "V31": 0.06622225972233006,
                        "V32": 0.07028737174966156,
                        "V33": 0.2372009570915149,
                        "V34": 0.013172715170734282,
                        "V35": 0.014212698330373408,
                        "V36": 0.024185532221400085,
                        "V37": 0.039986144361851564,
                        "V38": 0.10730823071109877,
                        "V39": 0.032122763597725215,
                        "V40": 0.4342553303586697,
                        "V41": 0.00990840988561634
                    }
                },
                {
                    "mapping": {
                        "V0": 0.16377411283099733,
                        "V1": 0.009649107658710207,
                        "V2": 0.03933054432310398,
                        "V3": 0.25283058517214746,
                        "V4": 0.409650491282475,
                        "V5": 0.08343050982864969,
                        "V6": 0.27940446207353015,
                        "V7": 1.0,
                        "V8": 0.18432481373285992,
                        "V9": 0.4889306953889034
                    }
                },
                {
                    "mapping": {
                        "V0": 1.0,
                        "V1": 0.007238604172451388,
                        "V2": 0.012061390700954149,
                        "V3": 0.943776628424618
                    }
                },
                {
                    "mapping": {
                        "V0": 1.0,
                        "V1": 0.8208051790360426,
                        "V2": 0.21832321468925805,
                        "V3": 0.9463873320813869
                    }
                }
            ],
            "reserved_value": 0.0
        },
        {
            "weights": [
                0.21432456973726807,
                0.5477653665882278,
                0.005921201982770958,
                0.23198886169173305
            ],
            "values": [
                {
                    "mapping": {
                        "V0": 0.11196548112152711,
                        "V1": 0.08986595172672435,
                        "V2": 0.22434180845536258,
                        "V3": 0.2228251732821194,
                        "V4": 0.11279546956849625,
                        "V5": 0.3307887774890287,
                        "V6": 0.4009459787143358,
                        "V7": 0.03861612619970614,
                        "V8": 0.07005395128509494,
                        "V9": 0.13056936315207734,
                        "V10": 0.41671520760311914,
                        "V11": 0.4677424591612369,
                        "V12": 0.3355755558586269,
                        "V13": 0.08117636947215102,
                        "V14": 0.12136824097720621,
                        "V15": 0.03491872008472192,
                        "V16": 0.1913955760217632,
                        "V17": 0.2515417599800638,
                        "V18": 1.0,
                        "V19": 0.5248574524491778,
                        "V20": 0.7300589148290964,
                        "V21": 0.19262032823491895,
                        "V22": 0.26216920832470675,
                        "V23": 0.31729358625709014,
                        "V24": 0.6026399114981672,
                        "V25": 0.279422080704176,
                        "V26": 0.6051582341157831,
                        "V27": 0.0657046304391398,
                        "V28": 0.5898851806121291,
                        "V29": 0.045165913642064966,
                        "V30": 0.41843679102157727,
                        "V31": 0.27972978485404665,
                        "V32": 0.12291820432596519,
                        "V33": 0.30185451859119705,
                        "V34": 0.002952333109385876,
                        "V35": 0.044162608373876186,
                        "V36": 0.05974360769383047,
                        "V37": 0.5857680636090948,
                        "V38": 0.22042978566394883,
                        "V39": 0.1673264630115555,
                        "V40": 0.11500032637175527,
                        "V41": 0.12448857572121794
                    }
                },
                {
                    "mapping": {
                        "V0": 0.6088698027967001,